"'CLIENT_ID'","'CLIENT_NAME'","'PRICE'","'QUANTITY'","'REQUEST_ID'","'REQUEST_NAME'","'REQUEST_UUID'"
"1","Batman","24.50","3","1","Pizza Salami","7272ea09-0ddd-4f95-9f36-f0139c0e497a"
"1","Batman","29.50","2","2","Pizza Mexico","a90db730-5b7a-4766-9b4b-dd387f3c2d92"
"1","Batman","4.58","5","3","Pepsi 1L","e393d603-b840-4e65-a310-8a43a9956975"
"1","Batman","99.20","2","4","Jack Daniels 1L","ebd1e26f-e608-48ce-ba6e-ef82d236f5ec"
"1","Batman","6.02","1","5","RedBull","a015c359-a96a-4033-babd-d1ebb4d9a406"
"2","Spiderman","21500.00","1","6","Suzuki GSR 750","85ec1b4e-1d85-4d05-92d5-25e0f877a233"
"2","Spiderman","197000.00","1","7","BMW X6","9e41789a-54db-4d20-87c4-69d9d2fa7308"
"3","Catwoman","3.20","5","8","Beer Tyskie","ec4108c9-239e-4279-b3ab-a68ea086225e"
"3","Catwoman","3.60","7","9","Beer Zywiec","cf8bc50e-630f-4d0c-a71e-478715055a20"
"3","Catwoman","5.03","2","10","Beer Corona","ccbdced6-3873-4087-b8f1-da95c4626888"
"3","Catwoman","4.00","14","11","Beer Carlsberg","3e29d54e-eac5-4f13-8867-6f6866e2bb68"
"3","Catwoman","4.60","21","12","Beer Heineken","dcabe4f1-335a-4dc5-88c0-33ad32050648"
"3","Catwoman","5.30","18","13","Beer Imperator","9d656939-1a0b-4dc6-8832-056366df4f6e"
"3","Catwoman","6.90","35","14","Beer San Miquel","beda9004-e7a4-4a2a-a051-6909da7eb201"
"3","Catwoman","7.60","80","15","Polish sausage","c64da5c0-7a71-40cb-8dc4-d27e2908aa48"
"3","Catwoman","9.20","20","16","Melon","28b855f0-de10-43cb-b6ac-89529369854f"
"4","balu","0.00","0","17","string","e338a7a9-9288-45bd-9e52-0e02bb8d25a8"
